<?xml version="1.0" encoding="UTF-8"?>
<!-- IMPORTANT: This is an internal file that has been generated
     by the Xilinx ISE software.  Any direct editing or
     changes made to this file may result in unpredictable
     behavior or data corruption.  It is strongly advised that
     users do not edit the contents of this file. -->
<DeviceUsageSummary rev="9">
<DesignStatistics TimeStamp="Wed Jul 08 11:05:51 2009"><group name="NetStatistics">
<item name="NumNets_Active" rev="9">
<attrib name="value" value="10411"/></item>
<item name="NumNets_Gnd" rev="9">
<attrib name="value" value="1"/></item>
<item name="NumNets_Vcc" rev="9">
<attrib name="value" value="1"/></item>
<item name="NumNodesOfType_Active_BRAMADDR" rev="9">
<attrib name="value" value="192"/></item>
<item name="NumNodesOfType_Active_BRAMDUMMY" rev="9">
<attrib name="value" value="478"/></item>
<item name="NumNodesOfType_Active_CLKPIN" rev="9">
<attrib name="value" value="2475"/></item>
<item name="NumNodesOfType_Active_CNTRLPIN" rev="9">
<attrib name="value" value="3609"/></item>
<item name="NumNodesOfType_Active_DOUBLE" rev="9">
<attrib name="value" value="31003"/></item>
<item name="NumNodesOfType_Active_DUMMY" rev="9">
<attrib name="value" value="30686"/></item>
<item name="NumNodesOfType_Active_DUMMYBANK" rev="9">
<attrib name="value" value="198"/></item>
<item name="NumNodesOfType_Active_DUMMYESC" rev="9">
<attrib name="value" value="35"/></item>
<item name="NumNodesOfType_Active_GLOBAL" rev="9">
<attrib name="value" value="404"/></item>
<item name="NumNodesOfType_Active_HFULLHEX" rev="9">
<attrib name="value" value="617"/></item>
<item name="NumNodesOfType_Active_HLONG" rev="9">
<attrib name="value" value="151"/></item>
<item name="NumNodesOfType_Active_HUNIHEX" rev="9">
<attrib name="value" value="3439"/></item>
<item name="NumNodesOfType_Active_INPUT" rev="9">
<attrib name="value" value="34034"/></item>
<item name="NumNodesOfType_Active_IOBOUTPUT" rev="9">
<attrib name="value" value="49"/></item>
<item name="NumNodesOfType_Active_OMUX" rev="9">
<attrib name="value" value="9654"/></item>
<item name="NumNodesOfType_Active_OUTPUT" rev="9">
<attrib name="value" value="10293"/></item>
<item name="NumNodesOfType_Active_PREBXBY" rev="9">
<attrib name="value" value="8851"/></item>
<item name="NumNodesOfType_Active_VFULLHEX" rev="9">
<attrib name="value" value="2149"/></item>
<item name="NumNodesOfType_Active_VLONG" rev="9">
<attrib name="value" value="511"/></item>
<item name="NumNodesOfType_Active_VUNIHEX" rev="9">
<attrib name="value" value="3031"/></item>
<item name="NumNodesOfType_Gnd_BRAMDUMMY" rev="9">
<attrib name="value" value="88"/></item>
<item name="NumNodesOfType_Gnd_CLKPIN" rev="9">
<attrib name="value" value="2"/></item>
<item name="NumNodesOfType_Gnd_CNTRLPIN" rev="9">
<attrib name="value" value="54"/></item>
<item name="NumNodesOfType_Gnd_DOUBLE" rev="9">
<attrib name="value" value="128"/></item>
<item name="NumNodesOfType_Gnd_DUMMY" rev="9">
<attrib name="value" value="258"/></item>
<item name="NumNodesOfType_Gnd_DUMMYBANK" rev="9">
<attrib name="value" value="6"/></item>
<item name="NumNodesOfType_Gnd_INPUT" rev="9">
<attrib name="value" value="393"/></item>
<item name="NumNodesOfType_Gnd_OMUX" rev="9">
<attrib name="value" value="149"/></item>
<item name="NumNodesOfType_Gnd_OUTPUT" rev="9">
<attrib name="value" value="85"/></item>
<item name="NumNodesOfType_Gnd_PREBXBY" rev="9">
<attrib name="value" value="36"/></item>
<item name="NumNodesOfType_Gnd_VFULLHEX" rev="9">
<attrib name="value" value="12"/></item>
<item name="NumNodesOfType_Gnd_VLONG" rev="9">
<attrib name="value" value="1"/></item>
<item name="NumNodesOfType_Gnd_VUNIHEX" rev="9">
<attrib name="value" value="2"/></item>
<item name="NumNodesOfType_Vcc_BRAMDUMMY" rev="9">
<attrib name="value" value="46"/></item>
<item name="NumNodesOfType_Vcc_CNTRLPIN" rev="9">
<attrib name="value" value="68"/></item>
<item name="NumNodesOfType_Vcc_DUMMY" rev="9">
<attrib name="value" value="82"/></item>
<item name="NumNodesOfType_Vcc_INPUT" rev="9">
<attrib name="value" value="170"/></item>
<item name="NumNodesOfType_Vcc_PREBXBY" rev="9">
<attrib name="value" value="40"/></item>
<item name="NumNodesOfType_Vcc_VCCOUT" rev="9">
<attrib name="value" value="128"/></item>
</group>
<group name="MiscellaneousStatistics">
<item name="AGG_BONDED_IO" rev="8">
<attrib name="value" value="73"/></item>
<item name="AGG_IO" rev="8">
<attrib name="value" value="73"/></item>
<item name="AGG_SLICE" rev="8">
<attrib name="value" value="5528"/></item>
<item name="NUM_4_INPUT_LUT" rev="8">
<attrib name="value" value="8973"/></item>
<item name="NUM_BONDED_DIFFM" rev="8">
<attrib name="value" value="3"/></item>
<item name="NUM_BONDED_DIFFS" rev="8">
<attrib name="value" value="3"/></item>
<item name="NUM_BONDED_IBUF" rev="8">
<attrib name="value" value="17"/></item>
<item name="NUM_BONDED_IOB" rev="8">
<attrib name="value" value="50"/></item>
<item name="NUM_BUFGMUX" rev="8">
<attrib name="value" value="4"/></item>
<item name="NUM_CYMUX" rev="8">
<attrib name="value" value="607"/></item>
<item name="NUM_DCM" rev="8">
<attrib name="value" value="2"/></item>
<item name="NUM_DP_RAM" rev="8">
<attrib name="value" value="32"/></item>
<item name="NUM_IOB_FF" rev="8">
<attrib name="value" value="34"/></item>
<item name="NUM_LUT_RT" rev="8">
<attrib name="value" value="101"/></item>
<item name="NUM_ODDR2_NONE" rev="8">
<attrib name="value" value="24"/></item>
<item name="NUM_RAMB16BWE" rev="8">
<attrib name="value" value="14"/></item>
<item name="NUM_SHIFT" rev="8">
<attrib name="value" value="85"/></item>
<item name="NUM_SLICEL" rev="8">
<attrib name="value" value="5460"/></item>
<item name="NUM_SLICEM" rev="8">
<attrib name="value" value="68"/></item>
<item name="NUM_SLICE_FF" rev="8">
<attrib name="value" value="3557"/></item>
<item name="NUM_XOR" rev="8">
<attrib name="value" value="545"/></item>
</group>
</DesignStatistics>
<DeviceUsage TimeStamp="Wed Jul 08 11:05:51 2009"><group name="SiteSummary">
<item name="BUFGMUX" rev="9">
<attrib name="total" value="1000000"/><attrib name="used" value="4"/></item>
<item name="BUFGMUX_GCLKMUX" rev="9">
<attrib name="total" value="1000000"/><attrib name="used" value="4"/></item>
<item name="BUFGMUX_GCLK_BUFFER" rev="9">
<attrib name="total" value="1000000"/><attrib name="used" value="4"/></item>
<item name="DCM" rev="9">
<attrib name="total" value="1000000"/><attrib name="used" value="2"/></item>
<item name="DCM_DCM" rev="9">
<attrib name="total" value="1000000"/><attrib name="used" value="2"/></item>
<item name="DIFFM" rev="9">
<attrib name="total" value="1000000"/><attrib name="used" value="3"/></item>
<item name="DIFFM_DELAY_ADJ_BBOX" rev="9">
<attrib name="total" value="1000000"/><attrib name="used" value="2"/></item>
<item name="DIFFM_INBUF" rev="9">
<attrib name="total" value="1000000"/><attrib name="used" value="2"/></item>
<item name="DIFFM_OFF1" rev="9">
<attrib name="total" value="1000000"/><attrib name="used" value="3"/></item>
<item name="DIFFM_OFF2" rev="9">
<attrib name="total" value="1000000"/><attrib name="used" value="3"/></item>
<item name="DIFFM_OFFDDRBLACKBOX" rev="9">
<attrib name="total" value="1000000"/><attrib name="used" value="3"/></item>
<item name="DIFFM_OUTBUF" rev="9">
<attrib name="total" value="1000000"/><attrib name="used" value="3"/></item>
<item name="DIFFM_PAD" rev="9">
<attrib name="total" value="1000000"/><attrib name="used" value="3"/></item>
<item name="DIFFM_TFF1" rev="9">
<attrib name="total" value="1000000"/><attrib name="used" value="2"/></item>
<item name="DIFFS" rev="9">
<attrib name="total" value="1000000"/><attrib name="used" value="3"/></item>
<item name="DIFFS_OFF1" rev="9">
<attrib name="total" value="1000000"/><attrib name="used" value="3"/></item>
<item name="DIFFS_OFF2" rev="9">
<attrib name="total" value="1000000"/><attrib name="used" value="3"/></item>
<item name="DIFFS_OFFDDRBLACKBOX" rev="9">
<attrib name="total" value="1000000"/><attrib name="used" value="3"/></item>
<item name="DIFFS_OUTBUF" rev="9">
<attrib name="total" value="1000000"/><attrib name="used" value="3"/></item>
<item name="DIFFS_PAD" rev="9">
<attrib name="total" value="1000000"/><attrib name="used" value="3"/></item>
<item name="DIFFS_PADOUT_USED" rev="9">
<attrib name="total" value="1000000"/><attrib name="used" value="2"/></item>
<item name="DIFFS_TFF1" rev="9">
<attrib name="total" value="1000000"/><attrib name="used" value="2"/></item>
<item name="IBUF" rev="9">
<attrib name="total" value="1000000"/><attrib name="used" value="17"/></item>
<item name="IBUF_DELAY_ADJ_BBOX" rev="9">
<attrib name="total" value="1000000"/><attrib name="used" value="17"/></item>
<item name="IBUF_IFF1" rev="9">
<attrib name="total" value="1000000"/><attrib name="used" value="13"/></item>
<item name="IBUF_IFF2" rev="9">
<attrib name="total" value="1000000"/><attrib name="used" value="1"/></item>
<item name="IBUF_INBUF" rev="9">
<attrib name="total" value="1000000"/><attrib name="used" value="17"/></item>
<item name="IBUF_PAD" rev="9">
<attrib name="total" value="1000000"/><attrib name="used" value="17"/></item>
<item name="IOB" rev="9">
<attrib name="total" value="1000000"/><attrib name="used" value="50"/></item>
<item name="IOB_DELAY_ADJ_BBOX" rev="9">
<attrib name="total" value="1000000"/><attrib name="used" value="16"/></item>
<item name="IOB_INBUF" rev="9">
<attrib name="total" value="1000000"/><attrib name="used" value="16"/></item>
<item name="IOB_OFF1" rev="9">
<attrib name="total" value="1000000"/><attrib name="used" value="38"/></item>
<item name="IOB_OFF2" rev="9">
<attrib name="total" value="1000000"/><attrib name="used" value="18"/></item>
<item name="IOB_OFFDDRBLACKBOX" rev="9">
<attrib name="total" value="1000000"/><attrib name="used" value="18"/></item>
<item name="IOB_OUTBUF" rev="9">
<attrib name="total" value="1000000"/><attrib name="used" value="50"/></item>
<item name="IOB_PAD" rev="9">
<attrib name="total" value="1000000"/><attrib name="used" value="50"/></item>
<item name="IOB_TFF1" rev="9">
<attrib name="total" value="1000000"/><attrib name="used" value="16"/></item>
<item name="RAMB16BWE" rev="9">
<attrib name="total" value="1000000"/><attrib name="used" value="14"/></item>
<item name="RAMB16BWE_RAMB16BWE" rev="9">
<attrib name="total" value="1000000"/><attrib name="used" value="14"/></item>
<item name="SLICEL" rev="9">
<attrib name="total" value="1000000"/><attrib name="used" value="5460"/></item>
<item name="SLICEL_C1VDD" rev="9">
<attrib name="total" value="1000000"/><attrib name="used" value="134"/></item>
<item name="SLICEL_C2VDD" rev="9">
<attrib name="total" value="1000000"/><attrib name="used" value="135"/></item>
<item name="SLICEL_CYMUXF" rev="9">
<attrib name="total" value="1000000"/><attrib name="used" value="314"/></item>
<item name="SLICEL_CYMUXG" rev="9">
<attrib name="total" value="1000000"/><attrib name="used" value="293"/></item>
<item name="SLICEL_F" rev="9">
<attrib name="total" value="1000000"/><attrib name="used" value="4618"/></item>
<item name="SLICEL_F5MUX" rev="9">
<attrib name="total" value="1000000"/><attrib name="used" value="1036"/></item>
<item name="SLICEL_F6MUX" rev="9">
<attrib name="total" value="1000000"/><attrib name="used" value="65"/></item>
<item name="SLICEL_FFX" rev="9">
<attrib name="total" value="1000000"/><attrib name="used" value="2001"/></item>
<item name="SLICEL_FFY" rev="9">
<attrib name="total" value="1000000"/><attrib name="used" value="1469"/></item>
<item name="SLICEL_G" rev="9">
<attrib name="total" value="1000000"/><attrib name="used" value="4223"/></item>
<item name="SLICEL_GNDF" rev="9">
<attrib name="total" value="1000000"/><attrib name="used" value="119"/></item>
<item name="SLICEL_GNDG" rev="9">
<attrib name="total" value="1000000"/><attrib name="used" value="99"/></item>
<item name="SLICEL_XORF" rev="9">
<attrib name="total" value="1000000"/><attrib name="used" value="280"/></item>
<item name="SLICEL_XORG" rev="9">
<attrib name="total" value="1000000"/><attrib name="used" value="265"/></item>
<item name="SLICEM" rev="9">
<attrib name="total" value="1000000"/><attrib name="used" value="68"/></item>
<item name="SLICEM_F" rev="9">
<attrib name="total" value="1000000"/><attrib name="used" value="64"/></item>
<item name="SLICEM_F5MUX" rev="9">
<attrib name="total" value="1000000"/><attrib name="used" value="8"/></item>
<item name="SLICEM_F6MUX" rev="9">
<attrib name="total" value="1000000"/><attrib name="used" value="8"/></item>
<item name="SLICEM_FFX" rev="9">
<attrib name="total" value="1000000"/><attrib name="used" value="41"/></item>
<item name="SLICEM_FFY" rev="9">
<attrib name="total" value="1000000"/><attrib name="used" value="46"/></item>
<item name="SLICEM_G" rev="9">
<attrib name="total" value="1000000"/><attrib name="used" value="68"/></item>
<item name="SLICEM_WSGEN" rev="9">
<attrib name="total" value="1000000"/><attrib name="used" value="60"/></item>
</group>
</DeviceUsage>
<ReportConfigData TimeStamp="Wed Jul 08 11:05:51 2009"><group name="IBUF_PAD">
<item name="IOATTRBOX" rev="9">
<attrib name="LVCMOS33" value="16"/><attrib name="SSTL18_I" value="1"/></item>
<item name="PULL" rev="9">
<attrib name="PULLDOWN" value="9"/></item>
</group>
<group name="DIFFS_OUTBUF">
<item name="SUSPEND" rev="9">
<attrib name="3STATE" value="3"/></item>
</group>
<group name="SLICEM_F">
<item name="F_ATTR" rev="9">
<attrib name="DUAL_PORT" value="16"/><attrib name="SHIFT_REG" value="41"/></item>
<item name="LUT_OR_MEM" rev="9">
<attrib name="LUT" value="7"/><attrib name="RAM" value="57"/></item>
</group>
<group name="RAMB16BWE_RAMB16BWE">
<item name="DATA_WIDTH_A" rev="9">
<attrib name="18" value="6"/><attrib name="36" value="8"/></item>
<item name="DATA_WIDTH_B" rev="9">
<attrib name="0" value="8"/><attrib name="18" value="6"/></item>
<item name="WRITE_MODE_A" rev="9">
<attrib name="WRITE_FIRST" value="14"/></item>
<item name="WRITE_MODE_B" rev="9">
<attrib name="WRITE_FIRST" value="8"/><attrib name="READ_FIRST" value="6"/></item>
</group>
<group name="SLICEM_G">
<item name="G_ATTR" rev="9">
<attrib name="DUAL_PORT" value="16"/><attrib name="SHIFT_REG" value="44"/></item>
<item name="LUT_OR_MEM" rev="9">
<attrib name="LUT" value="8"/><attrib name="RAM" value="60"/></item>
</group>
<group name="SLICEM_WSGEN">
<item name="SYNC_ATTR" rev="9">
<attrib name="ASYNC" value="44"/></item>
</group>
<group name="IOB_OFF1">
<item name="LATCH_OR_FF" rev="9">
<attrib name="FF" value="38"/></item>
<item name="OFF1_INIT_ATTR" rev="9">
<attrib name="INIT0" value="38"/></item>
<item name="OFF1_SR_ATTR" rev="9">
<attrib name="SRLOW" value="18"/></item>
<item name="OFFATTRBOX" rev="9">
<attrib name="SYNC" value="18"/></item>
</group>
<group name="IOB_OFF2">
<item name="LATCH_OR_FF" rev="9">
<attrib name="FF" value="18"/></item>
<item name="OFF2_INIT_ATTR" rev="9">
<attrib name="INIT0" value="18"/></item>
<item name="OFF2_SR_ATTR" rev="9">
<attrib name="SRLOW" value="18"/></item>
<item name="OFFATTRBOX" rev="9">
<attrib name="SYNC" value="18"/></item>
</group>
<group name="DIFFM_PAD">
<item name="IOATTRBOX" rev="9">
<attrib name="DIFF_SSTL18_I" value="3"/></item>
</group>
<group name="IOB_OUTBUF">
<item name="SUSPEND" rev="9">
<attrib name="3STATE" value="50"/></item>
</group>
<group name="BUFGMUX_GCLKMUX">
<item name="DISABLE_ATTR" rev="9">
<attrib name="LOW" value="4"/></item>
</group>
<group name="IBUF_DELAY_ADJ_BBOX">
<item name="DELAY_ADJ_ATTRBOX" rev="9">
<attrib name="FIXED" value="17"/></item>
<item name="IBUF_DELAY_VALUE" rev="9">
<attrib name="DLY0" value="17"/></item>
<item name="IFD_DELAY_VALUE" rev="9">
<attrib name="DLY0" value="4"/><attrib name="DLY5" value="13"/></item>
</group>
<group name="DIFFM_OUTBUF">
<item name="SUSPEND" rev="9">
<attrib name="3STATE" value="3"/></item>
</group>
<group name="DIFFM_OFF1">
<item name="LATCH_OR_FF" rev="9">
<attrib name="FF" value="3"/></item>
<item name="OFF1_INIT_ATTR" rev="9">
<attrib name="INIT0" value="3"/></item>
<item name="OFF1_SR_ATTR" rev="9">
<attrib name="SRLOW" value="3"/></item>
<item name="OFFATTRBOX" rev="9">
<attrib name="SYNC" value="3"/></item>
</group>
<group name="DIFFM_OFF2">
<item name="LATCH_OR_FF" rev="9">
<attrib name="FF" value="3"/></item>
<item name="OFF2_INIT_ATTR" rev="9">
<attrib name="INIT0" value="3"/></item>
<item name="OFF2_SR_ATTR" rev="9">
<attrib name="SRLOW" value="3"/></item>
<item name="OFFATTRBOX" rev="9">
<attrib name="SYNC" value="3"/></item>
</group>
<group name="IOB_TFF1">
<item name="LATCH_OR_FF" rev="9">
<attrib name="FF" value="16"/></item>
<item name="TFF1_INIT_ATTR" rev="9">
<attrib name="INIT0" value="16"/></item>
</group>
<group name="DIFFS_OFF1">
<item name="LATCH_OR_FF" rev="9">
<attrib name="FF" value="3"/></item>
<item name="OFF1_INIT_ATTR" rev="9">
<attrib name="INIT0" value="3"/></item>
<item name="OFF1_SR_ATTR" rev="9">
<attrib name="SRLOW" value="3"/></item>
<item name="OFFATTRBOX" rev="9">
<attrib name="SYNC" value="3"/></item>
</group>
<group name="DIFFS_OFF2">
<item name="LATCH_OR_FF" rev="9">
<attrib name="FF" value="3"/></item>
<item name="OFF2_INIT_ATTR" rev="9">
<attrib name="INIT0" value="3"/></item>
<item name="OFF2_SR_ATTR" rev="9">
<attrib name="SRLOW" value="3"/></item>
<item name="OFFATTRBOX" rev="9">
<attrib name="SYNC" value="3"/></item>
</group>
<group name="DIFFM_DELAY_ADJ_BBOX">
<item name="DELAY_ADJ_ATTRBOX" rev="9">
<attrib name="FIXED" value="2"/></item>
<item name="IBUF_DELAY_VALUE" rev="9">
<attrib name="DLY0" value="2"/></item>
<item name="IFD_DELAY_VALUE" rev="9">
<attrib name="DLY0" value="2"/></item>
</group>
<group name="SLICEL_FFX">
<item name="FFX_INIT_ATTR" rev="9">
<attrib name="INIT0" value="1891"/><attrib name="INIT1" value="110"/></item>
<item name="FFX_SR_ATTR" rev="9">
<attrib name="SRLOW" value="1891"/><attrib name="SRHIGH" value="110"/></item>
<item name="LATCH_OR_FF" rev="9">
<attrib name="FF" value="2001"/></item>
<item name="SYNC_ATTR" rev="9">
<attrib name="ASYNC" value="1877"/><attrib name="SYNC" value="124"/></item>
</group>
<group name="SLICEL_FFY">
<item name="FFY_INIT_ATTR" rev="9">
<attrib name="INIT0" value="1347"/><attrib name="INIT1" value="122"/></item>
<item name="FFY_SR_ATTR" rev="9">
<attrib name="SRLOW" value="1346"/><attrib name="SRHIGH" value="123"/></item>
<item name="LATCH_OR_FF" rev="9">
<attrib name="FF" value="1469"/></item>
<item name="SYNC_ATTR" rev="9">
<attrib name="ASYNC" value="1292"/><attrib name="SYNC" value="177"/></item>
</group>
<group name="DIFFM_TFF1">
<item name="LATCH_OR_FF" rev="9">
<attrib name="FF" value="2"/></item>
<item name="TFF1_INIT_ATTR" rev="9">
<attrib name="INIT0" value="2"/></item>
</group>
<group name="IOB_DELAY_ADJ_BBOX">
<item name="DELAY_ADJ_ATTRBOX" rev="9">
<attrib name="FIXED" value="16"/></item>
<item name="IBUF_DELAY_VALUE" rev="9">
<attrib name="DLY0" value="16"/></item>
<item name="IFD_DELAY_VALUE" rev="9">
<attrib name="DLY0" value="16"/></item>
</group>
<group name="IBUF_IFF1">
<item name="IFF1_INIT_ATTR" rev="9">
<attrib name="INIT0" value="1"/><attrib name="INIT1" value="12"/></item>
<item name="IFF1_SR_ATTR" rev="9">
<attrib name="SRLOW" value="1"/><attrib name="SRHIGH" value="12"/></item>
<item name="IFFATTRBOX" rev="9">
<attrib name="ASYNC" value="13"/></item>
<item name="LATCH_OR_FF" rev="9">
<attrib name="FF" value="13"/></item>
</group>
<group name="DIFFS_PAD">
<item name="IOATTRBOX" rev="9">
<attrib name="DIFF_SSTL18_I" value="3"/></item>
</group>
<group name="IBUF_IFF2">
<item name="IFF2_INIT_ATTR" rev="9">
<attrib name="INIT0" value="1"/></item>
<item name="IFF2_SR_ATTR" rev="9">
<attrib name="SRLOW" value="1"/></item>
<item name="IFFATTRBOX" rev="9">
<attrib name="ASYNC" value="1"/></item>
<item name="LATCH_OR_FF" rev="9">
<attrib name="FF" value="1"/></item>
</group>
<group name="DIFFS_TFF1">
<item name="LATCH_OR_FF" rev="9">
<attrib name="FF" value="2"/></item>
<item name="TFF1_INIT_ATTR" rev="9">
<attrib name="INIT0" value="2"/></item>
</group>
<group name="SLICEM_FFX">
<item name="FFX_INIT_ATTR" rev="9">
<attrib name="INIT0" value="41"/></item>
<item name="FFX_SR_ATTR" rev="9">
<attrib name="SRLOW" value="41"/></item>
<item name="LATCH_OR_FF" rev="9">
<attrib name="FF" value="41"/></item>
<item name="SYNC_ATTR" rev="9">
<attrib name="ASYNC" value="41"/></item>
</group>
<group name="SLICEM_FFY">
<item name="FFY_INIT_ATTR" rev="9">
<attrib name="INIT0" value="45"/><attrib name="INIT1" value="1"/></item>
<item name="FFY_SR_ATTR" rev="9">
<attrib name="SRLOW" value="45"/><attrib name="SRHIGH" value="1"/></item>
<item name="LATCH_OR_FF" rev="9">
<attrib name="FF" value="46"/></item>
<item name="SYNC_ATTR" rev="9">
<attrib name="ASYNC" value="46"/></item>
</group>
<group name="IOB_PAD">
<item name="DRIVEATTRBOX" rev="9">
<attrib name="8" value="10"/></item>
<item name="IOATTRBOX" rev="9">
<attrib name="LVCMOS33" value="10"/><attrib name="SSTL18_I" value="40"/></item>
<item name="SLEW" rev="9">
<attrib name="SLOW" value="10"/></item>
</group>
<group name="DCM_DCM">
<item name="CLKDV_DIVIDE" rev="9">
<attrib name="2" value="2"/></item>
<item name="CLKOUT_PHASE_SHIFT" rev="9">
<attrib name="NONE" value="2"/></item>
<item name="CLK_FEEDBACK" rev="9">
<attrib name="1X" value="2"/></item>
<item name="DESKEW_ADJUST" rev="9">
<attrib name="8" value="2"/></item>
<item name="DFS_FREQUENCY_MODE" rev="9">
<attrib name="LOW" value="2"/></item>
<item name="DLL_FREQUENCY_MODE" rev="9">
<attrib name="LOW" value="2"/></item>
<item name="DUTY_CYCLE_CORRECTION" rev="9">
<attrib name="TRUE" value="2"/></item>
<item name="FACTORY_JF1" rev="9">
<attrib name="0XC0" value="2"/></item>
<item name="FACTORY_JF2" rev="9">
<attrib name="0X80" value="2"/></item>
</group>
</ReportConfigData>
<ReportPinData TimeStamp="Wed Jul 08 11:05:51 2009"><group name="DIFFM_OFFDDRBLACKBOX">
<item name="OFF1" rev="9">
<attrib name="value" value="3"/></item>
<item name="OFF2" rev="9">
<attrib name="value" value="3"/></item>
<item name="OFFDDR" rev="9">
<attrib name="value" value="3"/></item>
</group>
<group name="IBUF_PAD">
<item name="PAD" rev="9">
<attrib name="value" value="17"/></item>
</group>
<group name="DIFFS_OUTBUF">
<item name="IN" rev="9">
<attrib name="value" value="3"/></item>
<item name="OUTP" rev="9">
<attrib name="value" value="3"/></item>
<item name="TRI" rev="9">
<attrib name="value" value="2"/></item>
</group>
<group name="IBUF_INBUF">
<item name="IN" rev="9">
<attrib name="value" value="17"/></item>
<item name="OUT" rev="9">
<attrib name="value" value="17"/></item>
</group>
<group name="SLICEM_F">
<item name="A1" rev="9">
<attrib name="value" value="64"/></item>
<item name="A2" rev="9">
<attrib name="value" value="64"/></item>
<item name="A3" rev="9">
<attrib name="value" value="64"/></item>
<item name="A4" rev="9">
<attrib name="value" value="60"/></item>
<item name="D" rev="9">
<attrib name="value" value="64"/></item>
<item name="DI" rev="9">
<attrib name="value" value="57"/></item>
<item name="WF1" rev="9">
<attrib name="value" value="16"/></item>
<item name="WF2" rev="9">
<attrib name="value" value="16"/></item>
<item name="WF3" rev="9">
<attrib name="value" value="16"/></item>
<item name="WF4" rev="9">
<attrib name="value" value="16"/></item>
<item name="WS" rev="9">
<attrib name="value" value="57"/></item>
</group>
<group name="RAMB16BWE_RAMB16BWE">
<item name="ADDRA10" rev="9">
<attrib name="value" value="14"/></item>
<item name="ADDRA11" rev="9">
<attrib name="value" value="14"/></item>
<item name="ADDRA12" rev="9">
<attrib name="value" value="14"/></item>
<item name="ADDRA13" rev="9">
<attrib name="value" value="14"/></item>
<item name="ADDRA4" rev="9">
<attrib name="value" value="6"/></item>
<item name="ADDRA5" rev="9">
<attrib name="value" value="14"/></item>
<item name="ADDRA6" rev="9">
<attrib name="value" value="14"/></item>
<item name="ADDRA7" rev="9">
<attrib name="value" value="14"/></item>
<item name="ADDRA8" rev="9">
<attrib name="value" value="14"/></item>
<item name="ADDRA9" rev="9">
<attrib name="value" value="14"/></item>
<item name="ADDRB10" rev="9">
<attrib name="value" value="6"/></item>
<item name="ADDRB11" rev="9">
<attrib name="value" value="6"/></item>
<item name="ADDRB12" rev="9">
<attrib name="value" value="6"/></item>
<item name="ADDRB13" rev="9">
<attrib name="value" value="6"/></item>
<item name="ADDRB4" rev="9">
<attrib name="value" value="6"/></item>
<item name="ADDRB5" rev="9">
<attrib name="value" value="6"/></item>
<item name="ADDRB6" rev="9">
<attrib name="value" value="6"/></item>
<item name="ADDRB7" rev="9">
<attrib name="value" value="6"/></item>
<item name="ADDRB8" rev="9">
<attrib name="value" value="6"/></item>
<item name="ADDRB9" rev="9">
<attrib name="value" value="6"/></item>
<item name="CLKA" rev="9">
<attrib name="value" value="14"/></item>
<item name="CLKB" rev="9">
<attrib name="value" value="6"/></item>
<item name="DIA0" rev="9">
<attrib name="value" value="6"/></item>
<item name="DIA1" rev="9">
<attrib name="value" value="6"/></item>
<item name="DIA10" rev="9">
<attrib name="value" value="6"/></item>
<item name="DIA11" rev="9">
<attrib name="value" value="6"/></item>
<item name="DIA12" rev="9">
<attrib name="value" value="6"/></item>
<item name="DIA13" rev="9">
<attrib name="value" value="6"/></item>
<item name="DIA14" rev="9">
<attrib name="value" value="6"/></item>
<item name="DIA15" rev="9">
<attrib name="value" value="6"/></item>
<item name="DIA2" rev="9">
<attrib name="value" value="6"/></item>
<item name="DIA3" rev="9">
<attrib name="value" value="6"/></item>
<item name="DIA4" rev="9">
<attrib name="value" value="6"/></item>
<item name="DIA5" rev="9">
<attrib name="value" value="6"/></item>
<item name="DIA6" rev="9">
<attrib name="value" value="6"/></item>
<item name="DIA7" rev="9">
<attrib name="value" value="6"/></item>
<item name="DIA8" rev="9">
<attrib name="value" value="6"/></item>
<item name="DIA9" rev="9">
<attrib name="value" value="6"/></item>
<item name="DIPA0" rev="9">
<attrib name="value" value="6"/></item>
<item name="DIPA1" rev="9">
<attrib name="value" value="6"/></item>
<item name="DOA0" rev="9">
<attrib name="value" value="8"/></item>
<item name="DOA1" rev="9">
<attrib name="value" value="8"/></item>
<item name="DOA10" rev="9">
<attrib name="value" value="8"/></item>
<item name="DOA11" rev="9">
<attrib name="value" value="8"/></item>
<item name="DOA12" rev="9">
<attrib name="value" value="8"/></item>
<item name="DOA13" rev="9">
<attrib name="value" value="8"/></item>
<item name="DOA14" rev="9">
<attrib name="value" value="8"/></item>
<item name="DOA15" rev="9">
<attrib name="value" value="8"/></item>
<item name="DOA16" rev="9">
<attrib name="value" value="8"/></item>
<item name="DOA17" rev="9">
<attrib name="value" value="8"/></item>
<item name="DOA18" rev="9">
<attrib name="value" value="8"/></item>
<item name="DOA19" rev="9">
<attrib name="value" value="8"/></item>
<item name="DOA2" rev="9">
<attrib name="value" value="8"/></item>
<item name="DOA20" rev="9">
<attrib name="value" value="8"/></item>
<item name="DOA21" rev="9">
<attrib name="value" value="8"/></item>
<item name="DOA22" rev="9">
<attrib name="value" value="8"/></item>
<item name="DOA23" rev="9">
<attrib name="value" value="8"/></item>
<item name="DOA24" rev="9">
<attrib name="value" value="8"/></item>
<item name="DOA25" rev="9">
<attrib name="value" value="8"/></item>
<item name="DOA26" rev="9">
<attrib name="value" value="8"/></item>
<item name="DOA27" rev="9">
<attrib name="value" value="8"/></item>
<item name="DOA28" rev="9">
<attrib name="value" value="8"/></item>
<item name="DOA29" rev="9">
<attrib name="value" value="8"/></item>
<item name="DOA3" rev="9">
<attrib name="value" value="8"/></item>
<item name="DOA30" rev="9">
<attrib name="value" value="8"/></item>
<item name="DOA31" rev="9">
<attrib name="value" value="8"/></item>
<item name="DOA4" rev="9">
<attrib name="value" value="8"/></item>
<item name="DOA5" rev="9">
<attrib name="value" value="8"/></item>
<item name="DOA6" rev="9">
<attrib name="value" value="8"/></item>
<item name="DOA7" rev="9">
<attrib name="value" value="8"/></item>
<item name="DOA8" rev="9">
<attrib name="value" value="8"/></item>
<item name="DOA9" rev="9">
<attrib name="value" value="8"/></item>
<item name="DOB0" rev="9">
<attrib name="value" value="6"/></item>
<item name="DOB1" rev="9">
<attrib name="value" value="6"/></item>
<item name="DOB10" rev="9">
<attrib name="value" value="6"/></item>
<item name="DOB11" rev="9">
<attrib name="value" value="6"/></item>
<item name="DOB12" rev="9">
<attrib name="value" value="6"/></item>
<item name="DOB13" rev="9">
<attrib name="value" value="6"/></item>
<item name="DOB14" rev="9">
<attrib name="value" value="3"/></item>
<item name="DOB15" rev="9">
<attrib name="value" value="3"/></item>
<item name="DOB2" rev="9">
<attrib name="value" value="6"/></item>
<item name="DOB3" rev="9">
<attrib name="value" value="6"/></item>
<item name="DOB4" rev="9">
<attrib name="value" value="6"/></item>
<item name="DOB5" rev="9">
<attrib name="value" value="6"/></item>
<item name="DOB6" rev="9">
<attrib name="value" value="6"/></item>
<item name="DOB7" rev="9">
<attrib name="value" value="6"/></item>
<item name="DOB8" rev="9">
<attrib name="value" value="6"/></item>
<item name="DOB9" rev="9">
<attrib name="value" value="6"/></item>
<item name="DOPB0" rev="9">
<attrib name="value" value="3"/></item>
<item name="DOPB1" rev="9">
<attrib name="value" value="3"/></item>
<item name="ENA" rev="9">
<attrib name="value" value="14"/></item>
<item name="ENB" rev="9">
<attrib name="value" value="6"/></item>
<item name="SSRA" rev="9">
<attrib name="value" value="14"/></item>
<item name="SSRB" rev="9">
<attrib name="value" value="6"/></item>
<item name="WEA0" rev="9">
<attrib name="value" value="14"/></item>
<item name="WEA1" rev="9">
<attrib name="value" value="14"/></item>
<item name="WEA2" rev="9">
<attrib name="value" value="14"/></item>
<item name="WEA3" rev="9">
<attrib name="value" value="14"/></item>
<item name="WEB0" rev="9">
<attrib name="value" value="14"/></item>
<item name="WEB1" rev="9">
<attrib name="value" value="14"/></item>
<item name="WEB2" rev="9">
<attrib name="value" value="14"/></item>
<item name="WEB3" rev="9">
<attrib name="value" value="14"/></item>
</group>
<group name="SLICEM_G">
<item name="A1" rev="9">
<attrib name="value" value="67"/></item>
<item name="A2" rev="9">
<attrib name="value" value="67"/></item>
<item name="A3" rev="9">
<attrib name="value" value="67"/></item>
<item name="A4" rev="9">
<attrib name="value" value="63"/></item>
<item name="D" rev="9">
<attrib name="value" value="52"/></item>
<item name="DI" rev="9">
<attrib name="value" value="60"/></item>
<item name="WG1" rev="9">
<attrib name="value" value="16"/></item>
<item name="WG2" rev="9">
<attrib name="value" value="16"/></item>
<item name="WG3" rev="9">
<attrib name="value" value="16"/></item>
<item name="WG4" rev="9">
<attrib name="value" value="16"/></item>
<item name="WS" rev="9">
<attrib name="value" value="60"/></item>
</group>
<group name="DIFFM_INBUF">
<item name="DIFFI_IN" rev="9">
<attrib name="value" value="2"/></item>
<item name="OUT" rev="9">
<attrib name="value" value="2"/></item>
<item name="PAD" rev="9">
<attrib name="value" value="2"/></item>
</group>
<group name="IOB_OFFDDRBLACKBOX">
<item name="OFF1" rev="9">
<attrib name="value" value="18"/></item>
<item name="OFF2" rev="9">
<attrib name="value" value="18"/></item>
<item name="OFFDDR" rev="9">
<attrib name="value" value="18"/></item>
</group>
<group name="SLICEL">
<item name="BX" rev="9">
<attrib name="value" value="1688"/></item>
<item name="BY" rev="9">
<attrib name="value" value="863"/></item>
<item name="CE" rev="9">
<attrib name="value" value="1786"/></item>
<item name="CIN" rev="9">
<attrib name="value" value="289"/></item>
<item name="CLK" rev="9">
<attrib name="value" value="2307"/></item>
<item name="COUT" rev="9">
<attrib name="value" value="293"/></item>
<item name="F1" rev="9">
<attrib name="value" value="4607"/></item>
<item name="F2" rev="9">
<attrib name="value" value="4525"/></item>
<item name="F3" rev="9">
<attrib name="value" value="4378"/></item>
<item name="F4" rev="9">
<attrib name="value" value="2484"/></item>
<item name="F5" rev="9">
<attrib name="value" value="128"/></item>
<item name="FX" rev="9">
<attrib name="value" value="4"/></item>
<item name="FXINA" rev="9">
<attrib name="value" value="65"/></item>
<item name="FXINB" rev="9">
<attrib name="value" value="65"/></item>
<item name="G1" rev="9">
<attrib name="value" value="4214"/></item>
<item name="G2" rev="9">
<attrib name="value" value="4145"/></item>
<item name="G3" rev="9">
<attrib name="value" value="3967"/></item>
<item name="G4" rev="9">
<attrib name="value" value="2118"/></item>
<item name="SR" rev="9">
<attrib name="value" value="1764"/></item>
<item name="X" rev="9">
<attrib name="value" value="3304"/></item>
<item name="XB" rev="9">
<attrib name="value" value="9"/></item>
<item name="XQ" rev="9">
<attrib name="value" value="2001"/></item>
<item name="Y" rev="9">
<attrib name="value" value="2598"/></item>
<item name="YQ" rev="9">
<attrib name="value" value="1469"/></item>
</group>
<group name="SLICEM_WSGEN">
<item name="CK" rev="9">
<attrib name="value" value="60"/></item>
<item name="WE" rev="9">
<attrib name="value" value="60"/></item>
<item name="WSF" rev="9">
<attrib name="value" value="57"/></item>
<item name="WSG" rev="9">
<attrib name="value" value="60"/></item>
</group>
<group name="SLICEM">
<item name="BX" rev="9">
<attrib name="value" value="49"/></item>
<item name="BY" rev="9">
<attrib name="value" value="68"/></item>
<item name="CE" rev="9">
<attrib name="value" value="4"/></item>
<item name="CLK" rev="9">
<attrib name="value" value="62"/></item>
<item name="F1" rev="9">
<attrib name="value" value="64"/></item>
<item name="F2" rev="9">
<attrib name="value" value="64"/></item>
<item name="F3" rev="9">
<attrib name="value" value="64"/></item>
<item name="F4" rev="9">
<attrib name="value" value="60"/></item>
<item name="F5" rev="9">
<attrib name="value" value="8"/></item>
<item name="FX" rev="9">
<attrib name="value" value="6"/></item>
<item name="FXINA" rev="9">
<attrib name="value" value="8"/></item>
<item name="FXINB" rev="9">
<attrib name="value" value="8"/></item>
<item name="G1" rev="9">
<attrib name="value" value="67"/></item>
<item name="G2" rev="9">
<attrib name="value" value="67"/></item>
<item name="G3" rev="9">
<attrib name="value" value="67"/></item>
<item name="G4" rev="9">
<attrib name="value" value="63"/></item>
<item name="SR" rev="9">
<attrib name="value" value="62"/></item>
<item name="X" rev="9">
<attrib name="value" value="17"/></item>
<item name="XQ" rev="9">
<attrib name="value" value="41"/></item>
<item name="YQ" rev="9">
<attrib name="value" value="46"/></item>
</group>
<group name="IOB_OFF1">
<item name="CE" rev="9">
<attrib name="value" value="18"/></item>
<item name="CK" rev="9">
<attrib name="value" value="38"/></item>
<item name="D" rev="9">
<attrib name="value" value="38"/></item>
<item name="Q" rev="9">
<attrib name="value" value="38"/></item>
<item name="REV" rev="9">
<attrib name="value" value="18"/></item>
<item name="SR" rev="9">
<attrib name="value" value="18"/></item>
</group>
<group name="IOB_OFF2">
<item name="CE" rev="9">
<attrib name="value" value="18"/></item>
<item name="CK" rev="9">
<attrib name="value" value="18"/></item>
<item name="D" rev="9">
<attrib name="value" value="18"/></item>
<item name="Q" rev="9">
<attrib name="value" value="18"/></item>
<item name="REV" rev="9">
<attrib name="value" value="18"/></item>
<item name="SR" rev="9">
<attrib name="value" value="18"/></item>
</group>
<group name="DIFFM_PAD">
<item name="PAD" rev="9">
<attrib name="value" value="3"/></item>
</group>
<group name="IOB_OUTBUF">
<item name="IN" rev="9">
<attrib name="value" value="50"/></item>
<item name="OUT" rev="9">
<attrib name="value" value="50"/></item>
<item name="TRI" rev="9">
<attrib name="value" value="16"/></item>
</group>
<group name="SLICEL_CYMUXF">
<item name="0" rev="9">
<attrib name="value" value="314"/></item>
<item name="1" rev="9">
<attrib name="value" value="314"/></item>
<item name="OUT" rev="9">
<attrib name="value" value="314"/></item>
<item name="S0" rev="9">
<attrib name="value" value="314"/></item>
</group>
<group name="SLICEL_CYMUXG">
<item name="0" rev="9">
<attrib name="value" value="293"/></item>
<item name="1" rev="9">
<attrib name="value" value="293"/></item>
<item name="OUT" rev="9">
<attrib name="value" value="293"/></item>
<item name="S0" rev="9">
<attrib name="value" value="293"/></item>
</group>
<group name="BUFGMUX_GCLKMUX">
<item name="I0" rev="9">
<attrib name="value" value="4"/></item>
<item name="I1" rev="9">
<attrib name="value" value="2"/></item>
<item name="OUT" rev="9">
<attrib name="value" value="4"/></item>
<item name="S" rev="9">
<attrib name="value" value="4"/></item>
</group>
<group name="IBUF_DELAY_ADJ_BBOX">
<item name="IBUF_OUT" rev="9">
<attrib name="value" value="17"/></item>
<item name="IFD_OUT" rev="9">
<attrib name="value" value="13"/></item>
<item name="SEL_IN" rev="9">
<attrib name="value" value="17"/></item>
</group>
<group name="SLICEL_C1VDD">
<item name="1" rev="9">
<attrib name="value" value="134"/></item>
</group>
<group name="DIFFM_OUTBUF">
<item name="IN" rev="9">
<attrib name="value" value="3"/></item>
<item name="OUTP" rev="9">
<attrib name="value" value="3"/></item>
<item name="TRI" rev="9">
<attrib name="value" value="2"/></item>
</group>
<group name="DIFFM_OFF1">
<item name="CE" rev="9">
<attrib name="value" value="3"/></item>
<item name="CK" rev="9">
<attrib name="value" value="3"/></item>
<item name="D" rev="9">
<attrib name="value" value="3"/></item>
<item name="Q" rev="9">
<attrib name="value" value="3"/></item>
<item name="REV" rev="9">
<attrib name="value" value="3"/></item>
<item name="SR" rev="9">
<attrib name="value" value="3"/></item>
</group>
<group name="DIFFM_OFF2">
<item name="CE" rev="9">
<attrib name="value" value="3"/></item>
<item name="CK" rev="9">
<attrib name="value" value="3"/></item>
<item name="D" rev="9">
<attrib name="value" value="3"/></item>
<item name="Q" rev="9">
<attrib name="value" value="3"/></item>
<item name="REV" rev="9">
<attrib name="value" value="3"/></item>
<item name="SR" rev="9">
<attrib name="value" value="3"/></item>
</group>
<group name="IBUF">
<item name="I" rev="9">
<attrib name="value" value="17"/></item>
<item name="ICLK1" rev="9">
<attrib name="value" value="13"/></item>
<item name="ICLK2" rev="9">
<attrib name="value" value="1"/></item>
<item name="IQ1" rev="9">
<attrib name="value" value="13"/></item>
<item name="IQ2" rev="9">
<attrib name="value" value="1"/></item>
<item name="PAD" rev="9">
<attrib name="value" value="17"/></item>
<item name="SR" rev="9">
<attrib name="value" value="13"/></item>
</group>
<group name="IOB_TFF1">
<item name="CK" rev="9">
<attrib name="value" value="16"/></item>
<item name="D" rev="9">
<attrib name="value" value="16"/></item>
<item name="Q" rev="9">
<attrib name="value" value="16"/></item>
</group>
<group name="DIFFS_OFF1">
<item name="CE" rev="9">
<attrib name="value" value="3"/></item>
<item name="CK" rev="9">
<attrib name="value" value="3"/></item>
<item name="D" rev="9">
<attrib name="value" value="3"/></item>
<item name="Q" rev="9">
<attrib name="value" value="3"/></item>
<item name="REV" rev="9">
<attrib name="value" value="3"/></item>
<item name="SR" rev="9">
<attrib name="value" value="3"/></item>
</group>
<group name="DIFFS_OFF2">
<item name="CE" rev="9">
<attrib name="value" value="3"/></item>
<item name="CK" rev="9">
<attrib name="value" value="3"/></item>
<item name="D" rev="9">
<attrib name="value" value="3"/></item>
<item name="Q" rev="9">
<attrib name="value" value="3"/></item>
<item name="REV" rev="9">
<attrib name="value" value="3"/></item>
<item name="SR" rev="9">
<attrib name="value" value="3"/></item>
</group>
<group name="DIFFM_DELAY_ADJ_BBOX">
<item name="IBUF_OUT" rev="9">
<attrib name="value" value="2"/></item>
<item name="SEL_IN" rev="9">
<attrib name="value" value="2"/></item>
</group>
<group name="IOB_INBUF">
<item name="IN" rev="9">
<attrib name="value" value="16"/></item>
<item name="OUT" rev="9">
<attrib name="value" value="16"/></item>
</group>
<group name="SLICEL_FFX">
<item name="CE" rev="9">
<attrib name="value" value="1604"/></item>
<item name="CK" rev="9">
<attrib name="value" value="2001"/></item>
<item name="D" rev="9">
<attrib name="value" value="2001"/></item>
<item name="Q" rev="9">
<attrib name="value" value="2001"/></item>
<item name="REV" rev="9">
<attrib name="value" value="10"/></item>
<item name="SR" rev="9">
<attrib name="value" value="1485"/></item>
</group>
<group name="SLICEL_XORF">
<item name="0" rev="9">
<attrib name="value" value="280"/></item>
<item name="1" rev="9">
<attrib name="value" value="280"/></item>
<item name="O" rev="9">
<attrib name="value" value="280"/></item>
</group>
<group name="SLICEL_FFY">
<item name="CE" rev="9">
<attrib name="value" value="1246"/></item>
<item name="CK" rev="9">
<attrib name="value" value="1469"/></item>
<item name="D" rev="9">
<attrib name="value" value="1469"/></item>
<item name="Q" rev="9">
<attrib name="value" value="1469"/></item>
<item name="REV" rev="9">
<attrib name="value" value="11"/></item>
<item name="SR" rev="9">
<attrib name="value" value="1057"/></item>
</group>
<group name="SLICEL_XORG">
<item name="0" rev="9">
<attrib name="value" value="265"/></item>
<item name="1" rev="9">
<attrib name="value" value="265"/></item>
<item name="O" rev="9">
<attrib name="value" value="265"/></item>
</group>
<group name="DIFFM_TFF1">
<item name="CK" rev="9">
<attrib name="value" value="2"/></item>
<item name="D" rev="9">
<attrib name="value" value="2"/></item>
<item name="Q" rev="9">
<attrib name="value" value="2"/></item>
</group>
<group name="SLICEM_F6MUX">
<item name="0" rev="9">
<attrib name="value" value="8"/></item>
<item name="1" rev="9">
<attrib name="value" value="8"/></item>
<item name="OUT" rev="9">
<attrib name="value" value="8"/></item>
<item name="S0" rev="9">
<attrib name="value" value="8"/></item>
</group>
<group name="DIFFS_PADOUT_USED">
<item name="0" rev="9">
<attrib name="value" value="2"/></item>
<item name="OUT" rev="9">
<attrib name="value" value="2"/></item>
</group>
<group name="IOB_DELAY_ADJ_BBOX">
<item name="IBUF_OUT" rev="9">
<attrib name="value" value="16"/></item>
<item name="SEL_IN" rev="9">
<attrib name="value" value="16"/></item>
</group>
<group name="SLICEL_F6MUX">
<item name="0" rev="9">
<attrib name="value" value="65"/></item>
<item name="1" rev="9">
<attrib name="value" value="65"/></item>
<item name="OUT" rev="9">
<attrib name="value" value="65"/></item>
<item name="S0" rev="9">
<attrib name="value" value="65"/></item>
</group>
<group name="IBUF_IFF1">
<item name="CK" rev="9">
<attrib name="value" value="13"/></item>
<item name="D" rev="9">
<attrib name="value" value="13"/></item>
<item name="Q" rev="9">
<attrib name="value" value="13"/></item>
<item name="SR" rev="9">
<attrib name="value" value="13"/></item>
</group>
<group name="DIFFS_PAD">
<item name="PAD" rev="9">
<attrib name="value" value="3"/></item>
</group>
<group name="IBUF_IFF2">
<item name="CK" rev="9">
<attrib name="value" value="1"/></item>
<item name="D" rev="9">
<attrib name="value" value="1"/></item>
<item name="Q" rev="9">
<attrib name="value" value="1"/></item>
<item name="SR" rev="9">
<attrib name="value" value="1"/></item>
</group>
<group name="DIFFS_OFFDDRBLACKBOX">
<item name="OFF1" rev="9">
<attrib name="value" value="3"/></item>
<item name="OFF2" rev="9">
<attrib name="value" value="3"/></item>
<item name="OFFDDR" rev="9">
<attrib name="value" value="3"/></item>
</group>
<group name="DIFFS_TFF1">
<item name="CK" rev="9">
<attrib name="value" value="2"/></item>
<item name="D" rev="9">
<attrib name="value" value="2"/></item>
<item name="Q" rev="9">
<attrib name="value" value="2"/></item>
</group>
<group name="SLICEM_FFX">
<item name="CK" rev="9">
<attrib name="value" value="41"/></item>
<item name="D" rev="9">
<attrib name="value" value="41"/></item>
<item name="Q" rev="9">
<attrib name="value" value="41"/></item>
</group>
<group name="SLICEM_FFY">
<item name="CE" rev="9">
<attrib name="value" value="4"/></item>
<item name="CK" rev="9">
<attrib name="value" value="46"/></item>
<item name="D" rev="9">
<attrib name="value" value="46"/></item>
<item name="Q" rev="9">
<attrib name="value" value="46"/></item>
<item name="SR" rev="9">
<attrib name="value" value="2"/></item>
</group>
<group name="DIFFM">
<item name="DIFFI_IN" rev="9">
<attrib name="value" value="2"/></item>
<item name="I" rev="9">
<attrib name="value" value="2"/></item>
<item name="O1" rev="9">
<attrib name="value" value="3"/></item>
<item name="O2" rev="9">
<attrib name="value" value="3"/></item>
<item name="OCE" rev="9">
<attrib name="value" value="3"/></item>
<item name="OTCLK1" rev="9">
<attrib name="value" value="3"/></item>
<item name="OTCLK2" rev="9">
<attrib name="value" value="3"/></item>
<item name="PAD" rev="9">
<attrib name="value" value="3"/></item>
<item name="REV" rev="9">
<attrib name="value" value="3"/></item>
<item name="SR" rev="9">
<attrib name="value" value="3"/></item>
<item name="T1" rev="9">
<attrib name="value" value="2"/></item>
</group>
<group name="IOB_PAD">
<item name="PAD" rev="9">
<attrib name="value" value="50"/></item>
</group>
<group name="DIFFS">
<item name="O1" rev="9">
<attrib name="value" value="3"/></item>
<item name="O2" rev="9">
<attrib name="value" value="3"/></item>
<item name="OCE" rev="9">
<attrib name="value" value="3"/></item>
<item name="OTCLK1" rev="9">
<attrib name="value" value="3"/></item>
<item name="OTCLK2" rev="9">
<attrib name="value" value="3"/></item>
<item name="PAD" rev="9">
<attrib name="value" value="3"/></item>
<item name="PADOUT" rev="9">
<attrib name="value" value="2"/></item>
<item name="REV" rev="9">
<attrib name="value" value="3"/></item>
<item name="SR" rev="9">
<attrib name="value" value="3"/></item>
<item name="T1" rev="9">
<attrib name="value" value="2"/></item>
</group>
<group name="RAMB16BWE">
<item name="ADDRA10" rev="9">
<attrib name="value" value="14"/></item>
<item name="ADDRA11" rev="9">
<attrib name="value" value="14"/></item>
<item name="ADDRA12" rev="9">
<attrib name="value" value="14"/></item>
<item name="ADDRA13" rev="9">
<attrib name="value" value="14"/></item>
<item name="ADDRA4" rev="9">
<attrib name="value" value="6"/></item>
<item name="ADDRA5" rev="9">
<attrib name="value" value="14"/></item>
<item name="ADDRA6" rev="9">
<attrib name="value" value="14"/></item>
<item name="ADDRA7" rev="9">
<attrib name="value" value="14"/></item>
<item name="ADDRA8" rev="9">
<attrib name="value" value="14"/></item>
<item name="ADDRA9" rev="9">
<attrib name="value" value="14"/></item>
<item name="ADDRB10" rev="9">
<attrib name="value" value="6"/></item>
<item name="ADDRB11" rev="9">
<attrib name="value" value="6"/></item>
<item name="ADDRB12" rev="9">
<attrib name="value" value="6"/></item>
<item name="ADDRB13" rev="9">
<attrib name="value" value="6"/></item>
<item name="ADDRB4" rev="9">
<attrib name="value" value="6"/></item>
<item name="ADDRB5" rev="9">
<attrib name="value" value="6"/></item>
<item name="ADDRB6" rev="9">
<attrib name="value" value="6"/></item>
<item name="ADDRB7" rev="9">
<attrib name="value" value="6"/></item>
<item name="ADDRB8" rev="9">
<attrib name="value" value="6"/></item>
<item name="ADDRB9" rev="9">
<attrib name="value" value="6"/></item>
<item name="CLKA" rev="9">
<attrib name="value" value="14"/></item>
<item name="CLKB" rev="9">
<attrib name="value" value="6"/></item>
<item name="DIA0" rev="9">
<attrib name="value" value="6"/></item>
<item name="DIA1" rev="9">
<attrib name="value" value="6"/></item>
<item name="DIA10" rev="9">
<attrib name="value" value="6"/></item>
<item name="DIA11" rev="9">
<attrib name="value" value="6"/></item>
<item name="DIA12" rev="9">
<attrib name="value" value="6"/></item>
<item name="DIA13" rev="9">
<attrib name="value" value="6"/></item>
<item name="DIA14" rev="9">
<attrib name="value" value="6"/></item>
<item name="DIA15" rev="9">
<attrib name="value" value="6"/></item>
<item name="DIA2" rev="9">
<attrib name="value" value="6"/></item>
<item name="DIA3" rev="9">
<attrib name="value" value="6"/></item>
<item name="DIA4" rev="9">
<attrib name="value" value="6"/></item>
<item name="DIA5" rev="9">
<attrib name="value" value="6"/></item>
<item name="DIA6" rev="9">
<attrib name="value" value="6"/></item>
<item name="DIA7" rev="9">
<attrib name="value" value="6"/></item>
<item name="DIA8" rev="9">
<attrib name="value" value="6"/></item>
<item name="DIA9" rev="9">
<attrib name="value" value="6"/></item>
<item name="DIPA0" rev="9">
<attrib name="value" value="6"/></item>
<item name="DIPA1" rev="9">
<attrib name="value" value="6"/></item>
<item name="DOA0" rev="9">
<attrib name="value" value="8"/></item>
<item name="DOA1" rev="9">
<attrib name="value" value="8"/></item>
<item name="DOA10" rev="9">
<attrib name="value" value="8"/></item>
<item name="DOA11" rev="9">
<attrib name="value" value="8"/></item>
<item name="DOA12" rev="9">
<attrib name="value" value="8"/></item>
<item name="DOA13" rev="9">
<attrib name="value" value="8"/></item>
<item name="DOA14" rev="9">
<attrib name="value" value="8"/></item>
<item name="DOA15" rev="9">
<attrib name="value" value="8"/></item>
<item name="DOA16" rev="9">
<attrib name="value" value="8"/></item>
<item name="DOA17" rev="9">
<attrib name="value" value="8"/></item>
<item name="DOA18" rev="9">
<attrib name="value" value="8"/></item>
<item name="DOA19" rev="9">
<attrib name="value" value="8"/></item>
<item name="DOA2" rev="9">
<attrib name="value" value="8"/></item>
<item name="DOA20" rev="9">
<attrib name="value" value="8"/></item>
<item name="DOA21" rev="9">
<attrib name="value" value="8"/></item>
<item name="DOA22" rev="9">
<attrib name="value" value="8"/></item>
<item name="DOA23" rev="9">
<attrib name="value" value="8"/></item>
<item name="DOA24" rev="9">
<attrib name="value" value="8"/></item>
<item name="DOA25" rev="9">
<attrib name="value" value="8"/></item>
<item name="DOA26" rev="9">
<attrib name="value" value="8"/></item>
<item name="DOA27" rev="9">
<attrib name="value" value="8"/></item>
<item name="DOA28" rev="9">
<attrib name="value" value="8"/></item>
<item name="DOA29" rev="9">
<attrib name="value" value="8"/></item>
<item name="DOA3" rev="9">
<attrib name="value" value="8"/></item>
<item name="DOA30" rev="9">
<attrib name="value" value="8"/></item>
<item name="DOA31" rev="9">
<attrib name="value" value="8"/></item>
<item name="DOA4" rev="9">
<attrib name="value" value="8"/></item>
<item name="DOA5" rev="9">
<attrib name="value" value="8"/></item>
<item name="DOA6" rev="9">
<attrib name="value" value="8"/></item>
<item name="DOA7" rev="9">
<attrib name="value" value="8"/></item>
<item name="DOA8" rev="9">
<attrib name="value" value="8"/></item>
<item name="DOA9" rev="9">
<attrib name="value" value="8"/></item>
<item name="DOB0" rev="9">
<attrib name="value" value="6"/></item>
<item name="DOB1" rev="9">
<attrib name="value" value="6"/></item>
<item name="DOB10" rev="9">
<attrib name="value" value="6"/></item>
<item name="DOB11" rev="9">
<attrib name="value" value="6"/></item>
<item name="DOB12" rev="9">
<attrib name="value" value="6"/></item>
<item name="DOB13" rev="9">
<attrib name="value" value="6"/></item>
<item name="DOB14" rev="9">
<attrib name="value" value="3"/></item>
<item name="DOB15" rev="9">
<attrib name="value" value="3"/></item>
<item name="DOB2" rev="9">
<attrib name="value" value="6"/></item>
<item name="DOB3" rev="9">
<attrib name="value" value="6"/></item>
<item name="DOB4" rev="9">
<attrib name="value" value="6"/></item>
<item name="DOB5" rev="9">
<attrib name="value" value="6"/></item>
<item name="DOB6" rev="9">
<attrib name="value" value="6"/></item>
<item name="DOB7" rev="9">
<attrib name="value" value="6"/></item>
<item name="DOB8" rev="9">
<attrib name="value" value="6"/></item>
<item name="DOB9" rev="9">
<attrib name="value" value="6"/></item>
<item name="DOPB0" rev="9">
<attrib name="value" value="3"/></item>
<item name="DOPB1" rev="9">
<attrib name="value" value="3"/></item>
<item name="ENA" rev="9">
<attrib name="value" value="14"/></item>
<item name="ENB" rev="9">
<attrib name="value" value="6"/></item>
<item name="SSRA" rev="9">
<attrib name="value" value="14"/></item>
<item name="SSRB" rev="9">
<attrib name="value" value="6"/></item>
<item name="WEA0" rev="9">
<attrib name="value" value="14"/></item>
<item name="WEA1" rev="9">
<attrib name="value" value="14"/></item>
<item name="WEA2" rev="9">
<attrib name="value" value="14"/></item>
<item name="WEA3" rev="9">
<attrib name="value" value="14"/></item>
<item name="WEB0" rev="9">
<attrib name="value" value="14"/></item>
<item name="WEB1" rev="9">
<attrib name="value" value="14"/></item>
<item name="WEB2" rev="9">
<attrib name="value" value="14"/></item>
<item name="WEB3" rev="9">
<attrib name="value" value="14"/></item>
</group>
<group name="IOB">
<item name="I" rev="9">
<attrib name="value" value="16"/></item>
<item name="O1" rev="9">
<attrib name="value" value="50"/></item>
<item name="O2" rev="9">
<attrib name="value" value="18"/></item>
<item name="OCE" rev="9">
<attrib name="value" value="18"/></item>
<item name="OTCLK1" rev="9">
<attrib name="value" value="38"/></item>
<item name="OTCLK2" rev="9">
<attrib name="value" value="18"/></item>
<item name="PAD" rev="9">
<attrib name="value" value="50"/></item>
<item name="REV" rev="9">
<attrib name="value" value="18"/></item>
<item name="SR" rev="9">
<attrib name="value" value="18"/></item>
<item name="T1" rev="9">
<attrib name="value" value="16"/></item>
</group>
<group name="DCM_DCM">
<item name="CLK0" rev="9">
<attrib name="value" value="2"/></item>
<item name="CLK90" rev="9">
<attrib name="value" value="1"/></item>
<item name="CLKFB" rev="9">
<attrib name="value" value="2"/></item>
<item name="CLKFX" rev="9">
<attrib name="value" value="1"/></item>
<item name="CLKIN" rev="9">
<attrib name="value" value="2"/></item>
<item name="LOCKED" rev="9">
<attrib name="value" value="2"/></item>
<item name="PSCLK" rev="9">
<attrib name="value" value="2"/></item>
<item name="PSEN" rev="9">
<attrib name="value" value="2"/></item>
<item name="PSINCDEC" rev="9">
<attrib name="value" value="2"/></item>
<item name="RST" rev="9">
<attrib name="value" value="2"/></item>
<item name="STATUS2" rev="9">
<attrib name="value" value="1"/></item>
</group>
<group name="BUFGMUX">
<item name="I0" rev="9">
<attrib name="value" value="4"/></item>
<item name="I1" rev="9">
<attrib name="value" value="2"/></item>
<item name="O" rev="9">
<attrib name="value" value="4"/></item>
<item name="S" rev="9">
<attrib name="value" value="4"/></item>
</group>
<group name="SLICEM_F5MUX">
<item name="F" rev="9">
<attrib name="value" value="6"/></item>
<item name="G" rev="9">
<attrib name="value" value="8"/></item>
<item name="OUT" rev="9">
<attrib name="value" value="8"/></item>
<item name="S0" rev="9">
<attrib name="value" value="8"/></item>
</group>
<group name="SLICEL_C2VDD">
<item name="1" rev="9">
<attrib name="value" value="135"/></item>
</group>
<group name="DCM">
<item name="CLK0" rev="9">
<attrib name="value" value="2"/></item>
<item name="CLK90" rev="9">
<attrib name="value" value="1"/></item>
<item name="CLKFB" rev="9">
<attrib name="value" value="2"/></item>
<item name="CLKFX" rev="9">
<attrib name="value" value="1"/></item>
<item name="CLKIN" rev="9">
<attrib name="value" value="2"/></item>
<item name="LOCKED" rev="9">
<attrib name="value" value="2"/></item>
<item name="PSCLK" rev="9">
<attrib name="value" value="2"/></item>
<item name="PSEN" rev="9">
<attrib name="value" value="2"/></item>
<item name="PSINCDEC" rev="9">
<attrib name="value" value="2"/></item>
<item name="RST" rev="9">
<attrib name="value" value="2"/></item>
<item name="STATUS2" rev="9">
<attrib name="value" value="1"/></item>
</group>
<group name="BUFGMUX_GCLK_BUFFER">
<item name="IN" rev="9">
<attrib name="value" value="4"/></item>
<item name="OUT" rev="9">
<attrib name="value" value="4"/></item>
</group>
<group name="SLICEL_F">
<item name="A1" rev="9">
<attrib name="value" value="4607"/></item>
<item name="A2" rev="9">
<attrib name="value" value="4525"/></item>
<item name="A3" rev="9">
<attrib name="value" value="4378"/></item>
<item name="A4" rev="9">
<attrib name="value" value="2484"/></item>
<item name="D" rev="9">
<attrib name="value" value="4618"/></item>
</group>
<group name="SLICEL_F5MUX">
<item name="F" rev="9">
<attrib name="value" value="1028"/></item>
<item name="G" rev="9">
<attrib name="value" value="1036"/></item>
<item name="OUT" rev="9">
<attrib name="value" value="1036"/></item>
<item name="S0" rev="9">
<attrib name="value" value="1036"/></item>
</group>
<group name="SLICEL_G">
<item name="A1" rev="9">
<attrib name="value" value="4214"/></item>
<item name="A2" rev="9">
<attrib name="value" value="4145"/></item>
<item name="A3" rev="9">
<attrib name="value" value="3967"/></item>
<item name="A4" rev="9">
<attrib name="value" value="2118"/></item>
<item name="D" rev="9">
<attrib name="value" value="4223"/></item>
</group>
<group name="SLICEL_GNDF">
<item name="0" rev="9">
<attrib name="value" value="119"/></item>
</group>
<group name="SLICEL_GNDG">
<item name="0" rev="9">
<attrib name="value" value="99"/></item>
</group>
</ReportPinData>
<CmdHistory>
</CmdHistory>
</DeviceUsageSummary>
